Timesteps,Eval/Return
80000,-20.000000000000018
120000,-20.000000000000018
160000,-20.000000000000018
200000,-20.000000000000018
240000,-20.000000000000018
280000,-20.000000000000018
320000,-20.000000000000018
360000,-20.000000000000018
400000,-20.000000000000018
440000,-20.000000000000018
480000,-20.000000000000018
520000,-20.000000000000018
560000,-20.000000000000018
600000,-20.000000000000018
640000,-20.000000000000018
680000,-18.750000000000014
720000,-19.58333333333335
760000,-20.000000000000018
800000,-19.58333333333335
840000,-20.000000000000018
879963,-19.58333333333335
919963,-20.000000000000018
959899,-20.000000000000018
999899,-19.58333333333335
1039899,-19.166666666666682
1079876,-20.000000000000018
1119871,-19.58333333333335
1159871,-19.166666666666682
1199871,-18.333333333333346
1239871,-19.166666666666682
1279750,-19.58333333333335
1319750,-18.333333333333343
1359750,-18.75000000000001
1399689,-18.75000000000001
1439689,-18.75000000000001
1479689,-19.58333333333335
1519581,-17.083333333333336
1559581,-19.166666666666682
1599557,-19.166666666666682
1639557,-19.58333333333335
1679542,-14.583333333333323
1719516,-16.666666666666668
1759510,-12.499999999999991
1799510,-11.24999999999998
1839410,-7.083333333333315
1879236,-6.6666666666666465
1919236,-4.9999999999999725
1959150,-3.7499999999999774
1999112,0.8333333333333548
2039112,1.6666666666666952
2079084,2.9531932455029164e-14
2118968,1.2500000000000313
2158958,2.500000000000027
2198958,1.6666666666667016
2238864,2.0833333333333637
2278779,3.0868826013848625e-14
2318661,7.08333333333335
2358633,4.166666666666686
2398619,5.833333333333347
2438498,4.166666666666689
2478361,2.9166666666666714
2518248,6.2500000000000115
2557996,7.5000000000000115
2597876,7.916666666666647
2637655,6.6666666666666785
2677643,7.083333333333329
2717536,6.666666666666647
2757311,7.916666666666657
2797311,7.499999999999992
2837311,7.916666666666647
2877258,9.583333333333309
2917041,9.999999999999938
2956816,9.16666666666663
2996685,8.749999999999952
3036477,9.166666666666613
3076477,9.583333333333275
3116299,9.583333333333256
3156236,9.999999999999927
3195947,9.583333333333258
3235639,9.16666666666658
3275483,9.583333333333226
3315131,9.9999999999999
3354496,9.9999999999999
3394134,9.58333333333322
3433366,9.99999999999991
3472494,9.999999999999892
3512031,9.583333333333234
3551268,9.999999999999904
3590414,9.999999999999899
3629167,9.58333333333323
3667961,9.583333333333222
3706449,9.583333333333226
3745078,62.09499999999988
3781352,82.79999999999988
3816841,102.6549999999999
3851126,103.77999999999989
3883481,145.80999999999995
3913644,188.02499999999995
3939814,202.62380952380946
3960384,201.39999999999998
3978968,201.93499999999997
3998705,190.19999999999996
4015423,192.52380952380952
4032175,224.03999999999996
4046362,224.26190476190473
4059926,192.49999999999994
4073857,225.0238095238095
4085738,224.98999999999995
4097979,215.14999999999995
4109286,192.355
4121510,204.4523809523809
4136719,192.98999999999995
4148851,224.98499999999999
4162609,225.15499999999997
4174522,225.035
4188693,224.99499999999998
4200515,225.225
4211549,225.25500000000002
4224059,224.795
4235813,225.28571428571428
4246620,225.26000000000005
4257137,225.204347826087
4268454,225.24500000000003
4279864,225.05238095238096
4290601,225.3
4301271,214.635
4312628,225.24285714285716
4323377,225.325
4334131,225.64000000000001
4344677,225.3
4354997,225.2904761904762
4365921,225.26500000000001
4376602,225.23000000000002
4387554,225.29000000000002
4397786,205.20999999999998
4409151,225.09500000000003
4420186,225.3
4430838,225.3
4441721,225.3
4452381,225.17000000000002
4462826,225.29565217391306
4473539,225.17727272727276
4484043,225.26666666666668
4495094,225.23333333333335
4506516,225.29999999999998
4517112,225.3
4528008,225.3
4538947,225.3
4549714,225.20952380952383
4560366,225.29130434782613
4570554,225.2909090909091
4581676,225.3
4592338,214.77999999999997
4604787,203.54
4616854,225.25500000000002
4627940,161.1899999999999
4638519,225.225
4649241,191.75499999999994
4662409,224.96190476190475
4673682,225.28000000000003
4684506,225.05238095238096
4696671,206.0
4707438,225.62999999999997
4718320,215.21499999999997
4728886,225.3
4739762,225.27000000000004
4750264,214.76
4761623,224.90952380952382
4772340,225.26000000000005
4783368,225.29999999999995
4793907,225.2909090909091
4804548,225.20909090909092
4815312,225.2909090909091
4825954,225.2636363636364
4836492,225.23499999999999
4847483,204.50999999999996
4859417,225.29523809523812
4870224,225.29545454545453
4881296,225.29545454545453
4892125,225.2863636363637
4902778,225.27391304347827
4913699,225.29565217391306
4924443,225.295
4935659,225.2954545454546
4947588,225.295
4958523,225.29523809523812
4969433,225.3
4980389,225.3
4991118,225.29999999999998
5001609,225.3
5012462,225.3
5023440,225.29999999999998
5034121,225.3
5044533,225.29565217391308
5055039,225.285
5065379,225.175
5076144,225.3
5086991,225.29047619047617
5097678,225.295
5108125,225.26190476190482
5119606,214.25500000000002
5130708,225.26666666666668
5141595,225.2909090909091
5152392,225.29545454545453
5162903,225.3
5174052,225.2952380952381
5184894,225.29999999999995
5195538,225.2909090909091
5207169,225.2409090909091
5217842,225.29999999999995
5229266,225.2863636363637
5240185,225.29999999999995
5250877,225.29999999999995
5262171,225.295
5272922,225.30499999999998
5284275,225.69523809523812
5294976,225.3
5306756,88.71363636363627
5320580,225.2
5331356,225.3
5341780,225.31739130434784
5352314,225.32857142857142
5362904,204.07999999999998
5372847,225.12272727272722
5383084,225.59499999999997
5393184,225.39523809523806
5403264,225.36999999999995
5414000,225.27999999999992
5427191,225.28571428571428
5437618,225.325
5448059,225.3136363636363
5459067,225.39999999999992
5469464,225.40499999999997
5479393,225.42
5489558,186.44285714285712
5501213,225.36499999999995
5511167,225.41499999999996
5521102,225.425
5531135,225.43999999999997
5541001,225.46499999999997
5550915,225.49047619047616
5560714,225.48999999999995
5570623,225.5095238095238
5580510,225.53333333333333
5590367,225.56
5600264,225.57142857142858
5610011,225.59
5619807,225.6333333333333
5629325,225.6772727272727
5638887,225.65
5648536,225.66499999999996
5658203,225.67916666666665
5667596,225.6714285714285
5677594,225.68095238095233
5687028,225.6727272727272
5696692,225.67999999999998
5707875,225.60476190476186
5717437,225.68181818181813
5727146,225.16666666666666
5736795,225.73333333333332
5747440,225.8
5756937,225.60500000000002
5766444,225.77999999999997
5775747,225.76000000000005
5784900,225.74761904761903
5794142,225.725
5803625,225.7238095238095
5813035,225.76500000000001
5822472,225.78000000000003
5831621,225.7904761904762
5840910,225.79500000000002
5850029,225.79130434782613
5859169,225.79523809523812
5868531,225.76956521739135
5877846,225.79000000000002
5887012,225.7782608695652
5896336,225.73636363636368
5906015,225.79000000000002
5915268,225.79500000000002
5924648,225.7571428571429
5933848,184.22999999999996
5943651,225.79000000000002
5953105,225.7761904761905
5962424,153.5949999999999
5973781,225.7095238095238
5983864,225.79523809523812
5993235,225.72000000000003
6002404,225.8
6011575,225.7761904761905
6021115,216.42
6030580,225.8
6039947,225.79999999999998
6049274,225.79000000000002
6058191,225.775
6067333,225.79999999999998
6077269,225.7909090909091
6086513,225.79999999999998
6095873,225.79565217391308
6104960,225.7954545454546
6114141,225.7904761904762
6123166,225.8
6132300,225.79999999999998
6141684,225.79999999999998
6151306,169.78181818181812
6163563,225.7727272727273
6174469,225.79999999999998
6183748,225.79130434782613
6193163,225.79130434782613
6202403,225.8
6212562,225.76000000000005
6222100,225.78000000000003
6231479,225.7652173913044
6241447,225.75
6251181,225.785
6260829,226.41904761904763
6270387,225.79565217391308
6279954,225.79565217391308
6289414,225.8
6298977,225.77000000000004
6308313,225.79999999999998
6317646,225.79999999999998
6326897,225.8
6336073,225.79523809523812
6345617,225.59
6355200,225.69523809523812
6365414,225.75238095238097
6374764,225.75238095238097
6384186,225.7869565217392
6393822,225.79500000000002
6403301,225.7818181818182
6412527,225.79523809523812
6421718,225.8
6430944,225.78500000000003
6440303,225.8
6449825,225.70416666666665
6459541,225.79500000000002
6468892,225.76499999999996
6478080,225.7909090909091
6487346,225.7954545454546
6496624,225.8
6505961,225.7636363636364
6515366,225.79999999999998
6524398,225.78260869565221
6533834,225.79999999999998
6543063,225.7909090909091
6552459,225.79000000000002
6561493,225.79999999999998
6570940,225.79565217391308
6580000,215.28571428571428
6589449,225.775
6598840,183.61499999999998
6610154,225.79565217391308
6619438,225.7761904761905
6629358,215.75500000000002
6641241,225.7909090909091
6650574,225.76
6660958,225.8
6670269,225.79999999999998
6680400,225.7818181818182
6689887,225.7818181818182
6698924,225.8
6707936,225.60476190476194
6718385,225.8
6727740,225.7
6736994,225.79999999999998
6746098,225.8
6755421,225.7909090909091
6764665,225.79130434782613
6773974,225.7954545454546
6783033,225.78181818181818
6792547,225.7954545454546
6801986,225.795
6811364,226.375
6820558,225.79000000000002
6829951,225.79999999999998
6838960,204.25499999999997
6848900,225.78260869565221
6858306,225.8
6867899,225.79565217391308
6877139,225.79999999999998
6886371,225.7954545454546
6895762,225.7954545454546
6905188,225.8
6914424,225.7714285714286
6924075,225.7909090909091
6933367,225.7954545454546
6942634,225.79565217391308
6952110,225.79130434782613
6961258,225.79999999999998
6970697,225.79999999999998
6979724,225.79999999999998
6988870,225.79999999999998
6998117,225.75217391304352
7007248,225.79999999999998
7016427,225.79999999999998
7025765,225.79565217391308
7035432,225.7869565217392
7044887,225.79999999999998
7054299,225.79565217391308
7063812,225.7739130434783
7073065,225.79000000000002
7082275,225.7652173913044
7091642,225.78260869565221
7100936,225.79565217391308
7110458,225.8
7119721,225.8
7128871,225.79999999999998
7138184,225.79999999999998
7147395,225.69090909090912
7156567,225.79999999999998
7165944,225.79999999999998
7175223,225.69
7185350,225.66000000000003
7194732,225.8
7203911,225.79999999999998
7213921,225.7809523809524
7223130,225.785
7233368,225.78000000000003
7242760,225.76190476190476
7254799,225.7904761904762
7263966,225.75909090909093
7273242,225.79130434782613
7282409,225.79523809523812
7291767,225.7809523809524
7301236,225.8
7310348,225.79130434782613
7320510,225.8
7329639,225.79565217391308
7339027,225.7863636363637
7348382,225.79130434782613
7357738,225.79999999999998
7366962,225.8
7376232,225.79583333333335
7385420,225.8
7395136,225.79999999999998
7404297,225.7909090909091
7413426,225.8
7422709,225.7904761904762
7431952,225.79000000000002
7441308,225.79000000000002
7451085,225.79999999999998
7460138,225.79523809523812
7469479,225.79999999999998
7478613,225.78500000000003
7487697,225.79999999999998
7496887,225.7761904761905
7507173,225.79130434782613
7516375,225.7863636363637
7525716,225.7954545454546
7534857,225.79999999999998
7544150,225.79999999999998
7553495,225.8
7562896,225.79999999999998
7572039,225.79999999999998
7581224,225.79999999999998
7590451,225.76956521739135
7599875,225.8
7609206,225.79999999999998
7618458,225.79130434782613
7627806,225.76086956521743
7637106,225.79999999999998
7646509,225.79999999999998
7656133,225.79999999999998
7665193,225.79999999999998
7674407,225.7909090909091
7683962,225.8
7693157,225.77000000000004
7702467,225.8238095238095
7711708,225.8363636363636
7720801,225.83809523809526
7729963,225.84999999999997
7739397,225.8380952380952
7748425,225.85238095238094
7757548,225.86818181818174
7766717,225.8434782608696
7775822,225.86956521739123
7784905,225.89999999999995
7794138,225.89090909090902
7803023,225.86818181818182
7812380,225.88499999999993
7821902,225.88499999999993
7830968,225.88499999999993
7840192,225.87916666666663
7849154,225.88499999999993
7858486,225.87499999999994
7867275,225.88999999999996
7876487,225.8954545454545
7885483,225.89999999999992
7894698,225.8954545454545
7903715,225.8772727272727
7912754,225.84499999999997
7921973,225.895652173913
7931108,225.85499999999996
7940087,225.88499999999993
7949277,225.85999999999999
7959363,225.85999999999996
7969891,225.86499999999995
7978862,225.88499999999993
7987898,225.8954545454545
7996720,225.895652173913
8005918,225.87142857142854
8014949,225.81499999999997
8023996,225.89999999999998
8032850,225.89999999999992
8041815,225.8619047619047
8051720,225.8954545454545
8060637,225.88499999999993
8069499,225.88571428571422
8078600,225.86818181818174
8087596,225.89999999999998
8096480,225.891304347826
8105438,225.87499999999994
8114472,225.89999999999992
8124322,225.88499999999993
8133236,225.89523809523806
8142229,225.89999999999992
8151243,225.89999999999992
8160131,225.8954545454545
8170003,225.8954545454545
8178945,225.8954545454545
8188040,225.87727272727264
8197257,225.89999999999992
8206577,225.89090909090902
8215593,225.8954545454545
8224406,225.85909090909084
8233361,225.89999999999992
8242555,225.89999999999992
8251794,225.88181818181812
8260805,225.895652173913
8269885,225.89999999999998
8279112,225.88636363636354
8288291,225.895652173913
8297532,225.89999999999998
8306503,225.88095238095235
8315797,225.88695652173902
8324973,225.88095238095235
8334412,225.89999999999998
8343599,225.88571428571422
8353000,225.88695652173902
8362085,225.89999999999998
8371134,225.89999999999992
8380336,225.895652173913
8389289,225.88636363636354
8398268,225.80499999999998
8407285,225.8545454545454
8416369,225.88181818181812
8425632,225.895652173913
8434686,225.88571428571422
8443765,225.89999999999998
8452956,225.895652173913
8462163,225.8954545454545
8471303,225.89999999999998
8480226,225.89047619047614
8489365,225.89523809523806
8498196,225.895652173913
8507170,225.88695652173902
8516204,225.89090909090902
8525500,225.89999999999992
8534499,225.89523809523806
8543751,225.88571428571422
8552998,225.8954545454545
8562117,225.895652173913
8571417,225.89999999999998
8580443,225.89999999999998
8589748,225.8954545454545
8598699,225.89999999999992
8607987,225.8954545454545
8616916,225.83999999999997
8626001,225.89999999999992
8635136,225.89499999999998
8644023,225.89999999999992
8653052,225.895652173913
8662249,225.89999999999992
8671382,225.88636363636354
8680463,225.89999999999992
8689545,225.89090909090902
8698439,225.89999999999998
8707519,225.88181818181812
8716549,225.8739130434782
8726304,225.84499999999997
8735202,225.84782608695653
8744233,225.8954545454545
8753206,225.895652173913
8762405,225.89523809523806
8771432,225.89999999999992
8780264,225.795
8789369,225.89999999999998
8799334,225.89999999999998
8808301,225.8954545454545
8817351,225.89090909090902
8826328,225.89999999999998
8835244,225.89999999999998
8844332,225.895652173913
8853316,225.891304347826
8862351,225.89583333333334
8871433,225.89999999999992
8880366,225.895652173913
8889249,225.89047619047614
8898473,225.87826086956514
8909335,225.84499999999997
8919632,225.82499999999996
8929222,225.89499999999998
8938085,204.38095238095238
8947308,225.89999999999998
8956567,225.895652173913
8965443,225.89999999999998
8974695,225.87499999999994
8983558,225.89090909090902
8992788,225.875
9001922,225.83913043478253
9010933,225.895652173913
9019813,225.89499999999998
9028925,225.895652173913
9037917,225.88999999999996
9047009,225.89499999999998
9056071,225.89999999999998
9065092,225.89090909090902
9073940,225.895652173913
9083199,225.89999999999992
9092097,225.89999999999998
9101096,225.8333333333333
9109903,225.89999999999998
9118907,225.87272727272722
9127786,225.89999999999992
9137045,225.89999999999998
9146089,225.89999999999998
9154967,225.895652173913
9163999,225.89090909090902
9172931,225.891304347826
9181744,225.89999999999998
9190744,225.84499999999997
9199757,225.7714285714286
9208573,225.8363636363636
9217686,225.86190476190473
9226909,225.8681818181818
9235875,225.8545454545454
9244727,225.88095238095235
9253596,225.87727272727264
9262446,225.891304347826
9271369,225.89999999999995
9280256,225.895652173913
9289065,225.89090909090902
9297963,225.89999999999998
9307129,225.84761904761902
9315907,225.89999999999998
9325924,225.89999999999992
9334887,225.89523809523806
9343974,225.89499999999998
9352923,225.895652173913
9361931,225.8954545454545
9370844,225.88499999999993
9380094,225.89999999999992
9389296,225.34999999999994
9398126,225.89999999999998
9407087,225.89999999999998
9416031,225.895652173913
9425126,225.895652173913
9434015,225.89999999999998
9444143,225.89047619047614
9452914,225.89999999999992
9461954,225.89000000000001
9471972,225.88999999999996
9481124,225.89999999999998
9491746,225.895652173913
9500721,225.89999999999992
9509900,225.89999999999998
9518743,225.89999999999998
9527720,225.88571428571422
9536990,225.895652173913
9546937,225.8619047619047
9556683,225.88695652173902
9565693,225.895652173913
9574587,225.89999999999998
9583507,225.89999999999998
9592684,225.89999999999998
9601701,225.89999999999998
9610519,225.89999999999998
9619702,225.89999999999992
9628722,225.89999999999992
9637566,225.891304347826
9646612,225.89999999999992
9655466,225.89999999999998
9664675,225.89999999999992
9673729,225.89999999999992
9682601,225.89999999999998
9691889,225.88636363636354
9701036,225.89999999999992
9710141,225.89999999999998
9719433,225.89999999999992
9728492,225.89999999999998
9737353,225.89999999999998
9746464,225.89999999999992
9755426,225.89999999999998
9764484,225.89999999999992
9773515,225.89999999999998
9782629,225.89090909090902
9791693,225.89999999999998
9800636,225.89999999999998
9809578,225.89999999999998
9818366,225.89090909090902
9827966,225.89999999999992
9836880,225.89999999999998
9845911,225.89999999999998
9854768,225.89999999999998
9863724,225.89999999999998
9872925,225.89999999999998
9882116,225.895652173913
9891023,225.895652173913
9899890,225.895652173913
9908998,225.89999999999998
9918410,225.89999999999998
9927566,225.895652173913
9936629,225.89999999999998
9945735,225.89999999999992
9954767,225.895652173913
9963882,225.891304347826
9972930,225.891304347826
9981835,225.89999999999992
9990777,225.89999999999998
9999682,225.89999999999998
10008972,225.8954545454545
10017879,225.89523809523806
10026940,225.88636363636354
10035913,225.88999999999996
10044859,225.895652173913
10053450,225.89999999999998
10062232,149.66363636363627
10072261,225.895652173913
10081135,225.89999999999992
10090147,225.89999999999992
10099314,225.8954545454545
10108611,225.89999999999998
10117351,225.891304347826
10126465,225.895652173913
10135619,225.89999999999998
10144607,225.8954545454545
10153699,225.74782608695642
10162629,225.89999999999998
10171508,225.89999999999998
10180400,225.89999999999998
10189549,225.895652173913
10198528,225.895652173913
10207383,225.89999999999998
10216322,225.89999999999998
10225287,225.89999999999998
10234354,225.89999999999998
10243441,225.89999999999998
10252478,225.89999999999998
10261702,225.895652173913
10270887,225.89999999999992
10280064,225.8826086956521
10289242,225.89999999999998
10298128,225.89999999999998
10307243,225.88999999999996
10316254,225.89999999999998
10325432,225.89999999999998
10334808,225.89999999999998
10343992,225.89999999999998
10352934,225.89999999999998
10361986,225.89999999999998
10371194,225.89999999999998
10379949,225.89999999999998
10389006,225.895652173913
10397998,225.8954545454545
10407016,225.891304347826
10415963,225.895652173913
10425127,225.895652173913
10434400,225.8318181818181
10444560,225.85499999999996
10453524,225.85499999999996
10462684,225.89047619047614
10471755,225.85238095238088
10480783,225.88636363636354
10489896,225.87142857142854
10498863,225.88695652173902
10507878,225.88636363636354
10516715,225.891304347826
10525653,225.86818181818174
10534742,225.88636363636354
10543826,225.89999999999992
10552863,225.89999999999998
10561904,225.89523809523806
10571105,225.891304347826
10580274,225.89999999999998
10589287,225.89999999999998
10598241,225.89999999999992
10607414,225.89999999999998
10616700,225.89999999999998
10625824,225.89999999999992
10634842,225.84761904761902
10643746,225.89090909090902
10652874,225.891304347826
10662045,225.89999999999998
10670974,225.891304347826
10679990,225.89999999999998
10688830,225.89999999999998
10697903,225.89999999999998
10706896,225.891304347826
10716043,225.88695652173902
10725256,225.89999999999998
10734319,225.89999999999992
10743474,225.89999999999998
10752885,225.88695652173902
10761727,225.89999999999998
10770576,225.89999999999998
10779752,225.891304347826
10788613,225.89999999999992
10797865,225.88695652173902
10806895,225.89999999999992
10816213,225.8761904761904
10825138,225.85999999999996
10834222,225.89999999999998
10843252,225.89999999999998
10852368,225.89999999999998
10861645,225.89999999999998
10870762,225.89999999999998
10879978,225.89999999999998
10888894,225.89999999999998
10898196,225.89999999999998
10907095,225.89999999999998
10915983,225.891304347826
10925187,225.89999999999998
10934447,225.89999999999998
10943639,225.895652173913
10952801,225.891304347826
10961896,225.8739130434782
10970817,225.89090909090902
10979761,225.891304347826
10988606,225.89999999999998
10997756,225.89999999999998
11006666,225.88636363636354
11015963,225.89523809523806
11025044,225.89999999999998
11033864,225.89999999999998
11042783,225.89999999999998
11051593,225.89999999999998
11060806,225.89999999999998
11069770,225.89999999999992
11078706,225.895652173913
11087635,225.89999999999998
11096602,225.8863636363636
11105429,225.87826086956514
11115406,225.89999999999995
11124258,225.89047619047614
11133163,225.895652173913
11141981,225.88695652173902
11151177,225.89999999999998
11160094,225.89999999999995
11169277,225.89999999999998
11178312,225.89999999999998
11187176,225.89999999999992
11196216,225.89999999999995
11205370,225.895652173913
11214360,225.89999999999995
11223225,225.88695652173902
11232249,225.895652173913
11241454,225.89999999999998
11250491,225.891304347826
11259356,225.89999999999998
11268526,225.891304347826
11277505,225.89999999999998
11286575,225.89999999999998
11295704,225.89999999999995
11304882,225.89999999999992
11313991,225.895652173913
11323561,225.88695652173902
11332606,225.89999999999992
11341652,225.89999999999992
11350723,225.89999999999998
11360400,225.89999999999998
11369713,225.89999999999998
11378838,225.89999999999992
11388144,225.89999999999998
11397127,225.89999999999998
11406372,225.895652173913
11415455,225.8761904761904
11424607,225.89999999999998
11433584,225.89999999999998
11442472,225.89999999999998
11451609,225.89999999999998
11460535,225.89999999999992
11469757,225.89999999999998
11478673,225.89999999999998
11487717,225.89999999999998
11496727,225.891304347826
11505865,225.89999999999992
11514794,225.89999999999998
11523600,225.89999999999998
11532532,225.89999999999992
11541543,226.0043478260869
11550754,225.89999999999998
11559640,225.8954545454545
11568582,225.89999999999998
11577211,225.89999999999998
11586337,225.89999999999998
11595261,225.89999999999998
11604195,225.895652173913
11613351,225.89999999999992
11622512,225.89999999999998
11631618,225.89999999999998
11640637,225.89999999999998
11649534,225.89999999999998
11658526,225.89999999999998
11667648,225.89999999999998
11676642,225.89999999999998
11685642,225.89999999999998
11694566,225.89999999999998
11703475,225.89999999999998
11712631,225.89999999999998
11721674,225.89999999999998
11730671,225.89999999999992
11739627,225.89999999999998
11748535,225.89999999999998
11757609,225.89999999999998
11766552,225.89999999999998
11775527,225.88695652173902
11784675,225.89999999999998
11793389,225.89999999999998
11802440,225.89999999999998
11811426,225.89999999999998
11820665,225.87142857142854
11829522,225.89999999999998
11838352,225.89999999999998
11847645,225.89999999999998
11856776,225.89999999999998
11865751,225.895652173913
11874580,225.89999999999998
11883557,225.89999999999998
11892454,225.89999999999998
11901643,225.8608695652173
11910793,225.891304347826
11919996,225.895652173913
11928923,225.89999999999998
11937956,225.89999999999998
11947042,225.89999999999998
11955978,225.89999999999998
11964910,225.89999999999998
11973931,225.89999999999998
11983049,225.89999999999998
11992026,225.89999999999998
12001232,225.895652173913
12010058,225.89999999999995
12019168,225.89090909090902
12027859,225.895652173913
12037022,225.89999999999998
12046083,225.8954545454545
12055047,225.89999999999998
12064446,225.89999999999998
12073495,225.89999999999992
12082620,225.89999999999998
12091587,225.8739130434782
12100506,225.89999999999998
12109588,225.88499999999993
12118421,225.89999999999992
12127186,225.89999999999998
12136228,225.88999999999996
12145403,225.89999999999992
12154346,225.9041666666666
12163319,225.89999999999992
12172452,225.89047619047614
12181632,225.89999999999998
12190597,225.89999999999998
12199650,225.89999999999998
12208434,225.89999999999998
12217546,225.89999999999998
12226374,225.89999999999998
12235430,225.895652173913
12244548,225.89999999999992
12253699,225.89999999999998
12262805,225.89999999999998
12271987,225.89999999999992
12280974,225.89999999999998
12290014,225.89999999999992
12298870,225.89999999999998
12307661,225.89999999999998
12316749,225.89999999999998
12325783,225.89999999999998
12335022,225.89999999999998
12344097,225.89999999999998
12353337,225.89999999999998
12362444,225.89999999999998
12371575,225.89999999999992
12380742,225.89999999999998
12389788,225.89999999999998
12398789,225.89999999999998
12407807,225.89999999999998
12417910,225.89999999999998
12426811,225.89999999999998
12435789,225.89999999999998
12444807,225.89999999999992
12453956,225.89999999999998
12463195,225.89999999999998
12472245,225.89999999999998
12481494,225.89999999999998
12490600,225.895652173913
12499673,225.89999999999998
12508611,225.89999999999998
12517400,225.89999999999998
12526634,225.89999999999992
12535730,225.89999999999998
12544751,225.89999999999998
12553716,225.8954545454545
12562863,225.89999999999998
12571848,225.89999999999998
12580988,225.8954545454545
12590132,225.89999999999998
12599409,225.89999999999998
12608492,225.89999999999998
12617647,225.87727272727264
12627068,225.895652173913
12637223,225.89999999999992
12646360,225.84999999999997
12655235,225.8954545454545
12664223,225.8954545454545
12673539,225.89999999999992
12682487,225.89999999999998
12691394,225.88636363636354
12700410,225.89999999999992
12709551,225.89999999999992
12718600,225.89090909090902
12727593,225.89090909090902
12736664,225.895652173913
12745793,225.87727272727264
12754912,225.89090909090902
12763959,225.89999999999998
12772804,225.89999999999998
12781742,225.89999999999992
12790698,225.88636363636354
12799673,225.8136363636363
12808600,225.89090909090902
12817963,225.89999999999998
12827128,225.89090909090902
12836442,225.89999999999998
12845498,225.87727272727264
12854560,225.89999999999998
12863485,225.89999999999998
12872693,225.89999999999992
12881751,225.86818181818174
12890786,225.89999999999998
12899880,225.89999999999998
12908945,225.89999999999992
12917876,225.89999999999998
12926771,225.8954545454545
12935606,225.89999999999998
12944599,225.89999999999992
12953779,225.89999999999992
12962905,225.89999999999998
12971905,225.89999999999998
12981043,225.89999999999998
12989934,225.89999999999998
12998946,225.89999999999998
13007916,225.89999999999998
13017081,225.891304347826
13026127,225.895652173913
13035056,225.89999999999998
13044101,225.89999999999998
13053257,225.89523809523806
13062609,225.89999999999998
13071711,225.89999999999998
13081057,225.891304347826
13090052,225.895652173913
13099091,225.89999999999998
13108067,225.89999999999998
13116911,225.89999999999998
13125694,225.89999999999998
13134690,225.89999999999998
13143644,225.89999999999998
13152792,225.89999999999998
13161770,225.89999999999998
13170897,225.89999999999998
13179741,225.89999999999992
13188686,225.89999999999998
13197573,225.8826086956521
13206562,225.89999999999998
13215634,225.89999999999992
13224961,225.89999999999998
13233868,225.89090909090902
13242917,225.84782608695645
13251938,225.89999999999998
13260887,225.88181818181812
13269719,225.89999999999998
13278837,225.891304347826
13287875,225.89999999999998
13297142,225.895652173913
13305946,225.8954545454545
13315416,225.89999999999998
13324486,225.89090909090902
13333172,225.89999999999998
13342101,225.89999999999998
13351247,225.895652173913
13360384,225.895652173913
13369467,225.895652173913
13378494,225.895652173913
13387403,225.89999999999992
13396415,225.89999999999998
13405582,225.89999999999998
13414746,225.89999999999998
13423702,225.89999999999998
13433052,225.89999999999998
13442168,225.895652173913
13450923,225.89999999999998
13460515,225.895652173913
13469476,225.89999999999998
13478629,225.89999999999998
13487565,225.89999999999998
13496691,225.8954545454545
13505534,225.89999999999992
13514423,225.89999999999998
13523325,225.89999999999998
13532040,225.89999999999998
13540997,225.89999999999998
13550064,225.89999999999998
13558908,225.8954545454545
13567939,225.891304347826
13576940,225.89999999999998
13585903,225.895652173913
13595017,225.89999999999998
13604090,225.895652173913
13613147,225.89499999999998
13622120,225.88181818181812
13630935,225.89999999999998
13639897,225.89999999999998
13648780,225.89999999999998
13657629,225.89999999999992
13666543,225.89999999999998
13675717,225.89999999999998
13684737,225.891304347826
13693836,225.89999999999995
13702774,225.89999999999998
13711710,225.89999999999992
13720828,225.89999999999998
13730057,225.89047619047614
13739146,225.89047619047614
13748179,225.89999999999992
13757222,225.891304347826
13766577,225.895652173913
13775565,225.89999999999992
13784589,225.89999999999998
13793467,225.89999999999992
13802446,225.89166666666665
13811723,225.31499999999997
13820692,225.89999999999992
13829570,225.89999999999998
13838609,225.89999999999998
13847576,225.891304347826
13856494,225.88571428571422
13865364,225.89090909090902
13874561,225.89999999999992
13884061,225.891304347826
13892893,225.89999999999992
13901903,225.8761904761904
13910893,225.89999999999992
13919956,225.895652173913
13928815,225.87727272727264
13937771,225.895652173913
13947039,225.89999999999992
13955876,225.89999999999998
13964728,225.895652173913
13973710,225.89999999999998
13982897,225.87727272727264
13991851,225.891304347826
14000853,225.89999999999998
14009712,225.895652173913
14018825,225.89090909090902
14027648,225.89999999999992
14036506,225.88695652173902
14045420,225.89999999999998
14054514,225.89999999999998
14063452,225.89999999999992
14072728,225.89999999999992
14081967,225.89999999999998
14091021,225.89999999999998
14100262,225.895652173913
14109382,225.89999999999992
14118396,225.89999999999998
14127415,225.89999999999998
14136317,225.89999999999992
14145441,225.89999999999998
14154656,225.89999999999998
14163556,225.89999999999998
14172688,225.89999999999992
14181893,225.89999999999998
14190976,225.88636363636354
14199932,225.89999999999998
14209051,225.89999999999998
14218043,225.87142857142854
14227129,225.89999999999998
14236203,225.89999999999992
14245059,225.89047619047614
14254272,225.895652173913
14263199,225.89999999999998
14272433,225.891304347826
14281452,225.895652173913
14290445,225.89999999999998
14299409,225.89999999999998
14308494,225.89999999999998
14317624,225.89999999999992
14326461,225.89999999999992
14335656,225.89999999999992
14344554,225.895652173913
14353649,225.89999999999992
14362722,225.89999999999998
14371583,225.895652173913
14380576,225.89999999999998
14389684,225.891304347826
14398699,225.89999999999992
14407711,225.88999999999996
14416831,225.88636363636354
14426208,225.89999999999998
14435181,225.88636363636354
14444345,225.8954545454545
14453461,225.895652173913
14462552,225.89999999999998
14471796,225.88636363636354
14480705,225.8739130434782
14489931,225.89999999999998
14498778,225.89999999999998
14507975,225.89999999999998
14516996,225.89999999999998
14525878,225.8954545454545
14534900,225.89999999999998
14543812,225.89999999999998
14552863,225.89999999999998
14562014,225.8954545454545
14571225,225.89999999999998
14580272,225.87727272727264
14589178,225.895652173913
14598241,225.895652173913
14607301,225.89999999999992
14616259,225.89999999999992
14625113,225.891304347826
14634185,225.89999999999998
14643067,225.89999999999998
14652148,225.895652173913
14661012,225.89090909090902
14669966,225.89999999999998
14678906,225.89999999999992
14687833,225.895652173913
14696842,225.891304347826
14705742,225.89999999999998
14714721,225.80499999999998
14723820,225.89999999999998
14732777,225.89999999999998
14741619,225.89999999999998
14750745,225.891304347826
14760052,225.88095238095235
14769152,225.895652173913
14778081,225.89999999999998
14787259,225.89999999999998
14796345,225.89999999999998
14805183,225.89999999999998
14814302,225.895652173913
14823300,225.89999999999998
14832394,225.88095238095235
14841408,225.89999999999998
14850431,225.89999999999998
14859482,225.89999999999998
14868273,225.89999999999992
14877487,225.89999999999998
14886715,225.88695652173902
14895709,225.895652173913
14904609,225.89999999999998
14913622,225.89999999999992
14922875,225.89999999999998
14931924,225.89999999999998
14940924,225.895652173913
14950074,225.89999999999992
14959206,225.89047619047614
14967940,225.89090909090902
14976752,225.89999999999992
14985917,225.89090909090902
14995100,225.89999999999998
15004280,225.89999999999998
15013179,225.89999999999998
15022093,225.89999999999998
15031028,225.89090909090902
15039987,225.8954545454545
15049230,225.87826086956514
15058131,225.89999999999998
15066941,225.895652173913
15075950,225.89999999999998
15084751,225.895652173913
15093581,225.89999999999998
15102457,225.89999999999998
15111343,225.89999999999998
15120192,225.89999999999998
15129179,225.89999999999998
15138215,225.89999999999998
15147093,225.895652173913
15156178,225.89999999999998
15165348,225.895652173913
15174266,225.8954545454545
15183321,225.89999999999998
15192618,225.895652173913
15202080,225.89999999999998
15211316,225.89999999999998
15220290,225.89999999999998
15229438,225.89999999999998
15238506,225.89999999999998
15247555,225.89999999999998
15256858,225.89999999999998
15265608,225.89999999999992
15274741,225.891304347826
15283701,225.89999999999998
15292506,225.895652173913
15301496,225.895652173913
15310402,225.89999999999998
15319509,225.89999999999998
15328458,225.89999999999998
15337439,225.89999999999998
15346657,225.89999999999998
15355783,225.89999999999998
15365071,225.89999999999998
15374146,225.89999999999998
15383284,225.89999999999998
15392367,225.89999999999992
15401160,225.89999999999998
15410174,225.891304347826
15419230,225.89999999999998
15428381,225.89090909090902
15437701,225.895652173913
15446605,225.89999999999998
15455606,225.89999999999998
15464674,225.89047619047614
15473674,225.89999999999998
15482762,225.89999999999992
15491888,225.89999999999998
15500999,225.89999999999992
15510048,225.89999999999992
15519184,225.89999999999992
15528022,225.89999999999998
15536875,225.89999999999998
15545747,225.89999999999998
15554937,225.89999999999998
15564118,225.89999999999998
15573192,225.89999999999998
15582134,225.89999999999998
15590818,225.88636363636354
15599933,225.895652173913
15608924,225.89999999999998
15617927,225.89999999999992
15626861,225.89999999999998
15636055,225.89999999999998
15644758,225.89999999999998
15653888,225.8739130434782
15662712,225.89999999999998
15671924,225.89999999999998
15680971,225.89999999999998
15690179,225.89999999999998
15699055,225.89999999999998
15708273,225.89999999999998
15717247,225.89999999999998
15726527,225.89999999999998
15735513,225.89999999999998
15744796,225.89999999999992
15754069,225.89999999999998
15763146,225.895652173913
15772182,225.89999999999998
15781363,225.89999999999998
15790348,225.89999999999998
15799480,225.89999999999998
15808384,225.89090909090902
15817491,225.895652173913
15826387,225.89090909090902
15835276,225.89999999999998
15844121,225.89999999999998
15853064,225.895652173913
15862119,225.89999999999998
15871257,225.89999999999998
15880175,225.8739130434782
15889298,225.89999999999998
15898335,225.89999999999992
15907270,225.89999999999992
15916400,225.89999999999998
15925653,225.895652173913
15934720,225.895652173913
15943884,225.89999999999998
15952959,225.89999999999998
15962006,225.89999999999998
15971248,225.89999999999998
15980451,225.89999999999998
15989779,225.89999999999992
15998867,225.89999999999998
16007817,225.84499999999997
16016882,225.89999999999998
16026246,225.89999999999992
16035143,225.895652173913
16044273,225.89999999999998
16053199,225.891304347826
16062319,225.89999999999998
16071530,225.89999999999998
16080742,225.89999999999998
16089779,225.89999999999998
16098718,225.8739130434782
16107764,225.89090909090902
16116767,225.89999999999998
16126063,225.89999999999998
16135116,225.89999999999992
16144050,225.84999999999994
16153042,225.89999999999998
16162290,225.89999999999998
16171603,225.89999999999998
16180613,225.89999999999998
16189711,225.89999999999998
16198888,225.88695652173902
16207841,225.89999999999998
16217295,225.89999999999998
16226190,225.895652173913
16235121,225.89999999999992
16244154,225.89999999999998
16253193,225.891304347826
16262314,225.89999999999998
16271354,225.88695652173902
16280371,225.89999999999992
16289256,225.89999999999998
16298385,225.8954545454545
16307375,225.89999999999998
16316309,225.89999999999992
16325260,225.89999999999998
16334330,225.89999999999998
16343256,225.89999999999998
16352386,225.88499999999993
16361440,225.89999999999998
16370478,225.895652173913
16379224,225.89999999999998
16388037,225.89999999999992
16396990,225.89999999999998
16406240,225.895652173913
16415063,225.9041666666666
16424064,225.89999999999998
16433070,225.89999999999992
16442119,225.891304347826
16451255,225.89999999999998
16460219,225.89999999999998
16469221,225.89999999999998
16478221,225.895652173913
16487357,225.89999999999992
16496470,225.89999999999992
16505321,225.895652173913
16514389,225.89999999999998
16523315,225.89999999999998
16532515,225.891304347826
16541416,225.89999999999998
16550422,225.89999999999998
16559188,225.89999999999998
16567971,225.895652173913
16576800,225.89999999999998
16585918,225.895652173913
16595210,225.89999999999998
16604221,225.89999999999998
16613064,225.89999999999998
16622095,225.89999999999998
16631133,225.89999999999998
16640313,225.89999999999998
16649279,225.895652173913
16658355,225.89999999999998
16667228,225.89999999999998
16676244,225.88695652173902
16685193,225.895652173913
16693983,225.89999999999995
16702841,225.89999999999998
16711688,225.89999999999998
16720477,225.89999999999998
16729191,225.89999999999998
16738473,225.89999999999998
16747529,225.89999999999998
16756493,225.89999999999998
16765347,225.89999999999998
16774258,225.89999999999998
16783424,225.89999999999998
16792352,225.89999999999998
16801014,225.89999999999998
16809693,225.89999999999998
16818536,225.89999999999998
16827443,225.89999999999998
16836342,225.89999999999998
16845378,225.89999999999998
16854673,225.89999999999998
16863640,225.89999999999998
16872728,225.89999999999998
16881702,225.89999999999998
16890654,225.89999999999998
16899661,225.89999999999998
16908675,225.89999999999998
16917805,225.89999999999998
16927218,225.89999999999998
16935982,225.89999999999998
16945024,225.89999999999998
16953988,225.89999999999992
16963026,225.89999999999998
16971882,225.89999999999998
16980817,225.89999999999998
16989876,225.89999999999998
16998877,225.895652173913
17007854,225.89999999999998
17016933,225.89999999999998
17026067,225.89999999999998
17035158,225.89999999999998
17044358,225.89999999999992
17053488,225.89999999999998
17062720,225.89999999999998
17071815,225.895652173913
17081013,225.895652173913
17090441,225.89999999999998
17099516,225.89999999999992
17108360,225.89999999999998
17117618,225.9041666666666
17126568,225.89999999999998
17135447,225.89999999999998
17144208,225.89999999999998
17153046,225.89999999999998
17162240,225.89999999999998
17171366,225.89999999999992
17180521,225.89999999999998
17189556,225.895652173913
17198451,225.895652173913
17207708,225.89999999999998
17216643,225.89999999999998
17225664,225.89999999999998
17234742,225.89999999999998
17243699,225.89999999999998
17252714,225.89999999999998
17261609,225.89999999999998
17270662,225.89999999999998
17279464,225.89999999999998
17288446,225.89999999999998
17297385,225.89999999999998
17306543,225.89999999999998
17315562,225.89999999999998
17324432,225.89999999999998
17333334,225.89999999999995
17342146,225.89999999999998
17351071,225.89999999999998
17359883,225.89999999999998
17368767,225.895652173913
17378029,225.89999999999992
17387040,225.89999999999998
17396152,225.89999999999998
17405525,225.89999999999998
17414394,225.89999999999998
17423428,225.89999999999998
17432423,225.9041666666666
17441493,225.89999999999998
17450197,225.89999999999998
17459176,225.89999999999998
17468142,225.89999999999998
17477259,225.89999999999992
17486209,225.89999999999998
17495195,225.95652173913035
17504015,225.89999999999998
17513249,225.895652173913
17522232,225.89999999999992
17530997,225.89999999999998
17539751,225.89999999999998
17548764,225.89999999999998
17557666,225.89999999999998
17566512,225.891304347826
17575628,225.89999999999992
17584571,225.89999999999998
17593652,225.89999999999998
17602494,225.89999999999998
17611569,225.89090909090902
17620686,225.895652173913
17629602,225.895652173913
17638773,225.89999999999998
17648073,225.89999999999998
17656940,225.891304347826
17666064,225.8954545454545
17674972,225.89999999999998
17684184,225.8826086956521
17693239,225.89999999999998
17702341,225.89999999999998
17711588,225.895652173913
17720745,225.89999999999998
17729553,225.895652173913
17738916,225.89999999999998
17747876,225.89999999999992
17756834,225.89999999999998
17765876,225.89999999999998
17774738,225.895652173913
17783959,225.90434782608688
17792770,225.89999999999998
17801625,225.9041666666666
17810502,225.89999999999998
17819511,225.89999999999998
17828527,225.89999999999998
17837562,225.89999999999998
17846364,225.89999999999998
17855552,225.89999999999998
17864620,225.895652173913
17873892,225.89999999999992
17882951,225.89999999999998
17891913,225.89999999999998
17900846,225.895652173913
17909915,225.89999999999998
17918891,225.89999999999998
17927652,225.89999999999998
17936482,225.89999999999998
17945336,225.89999999999998
17954287,225.89999999999998
17963210,225.89999999999992
17972212,225.89999999999998
17981181,225.891304347826
17990130,225.9041666666666
17999037,225.89999999999998
18007759,225.89999999999998
18016773,225.89999999999998
18025731,225.895652173913
18034822,225.89999999999998
18043822,225.89999999999998
18052818,225.89999999999998
18061705,225.89999999999998
18070778,225.89999999999998
18079681,225.89999999999998
18088708,225.895652173913
18097756,225.895652173913
18106811,225.89999999999998
18115828,225.89999999999998
18124742,225.89090909090902
18133715,225.9041666666666
18142653,225.89999999999992
18151755,225.89999999999998
18160715,225.891304347826
18169456,225.89999999999998
18178638,225.90434782608688
18187497,225.9083333333333
18196570,225.9083333333333
18205575,225.895652173913
18214399,225.89999999999998
18223321,225.89999999999998
18232214,225.89999999999998
18241051,225.89999999999998
18250144,225.89999999999998
18259005,225.89999999999998
18268075,225.9041666666666
18277251,225.90434782608688
18286260,225.89999999999998
18295060,225.89999999999998
18303798,225.9041666666666
18312691,225.89999999999992
18321788,225.9125
18330766,225.9238095238095
18339708,225.92
18348728,225.9125
18357548,225.9086956521738
18366633,225.91499999999996
18375573,225.9045454545454
18384700,225.9083333333333
18393631,225.9285714285714
18402380,225.93333333333325
18411670,225.89999999999992
18420800,225.9130434782608
18429714,225.9125
18438609,225.9041666666666
18447517,225.94999999999996
18456460,225.925
18465490,225.87826086956517
18474523,225.89999999999992
18483214,225.89999999999998
18492237,225.89999999999998
18501107,225.89999999999998
18510155,225.89999999999998
18519207,225.89999999999998
18528524,225.89999999999998
18537609,225.89999999999998
18546925,225.89999999999998
18556228,225.90434782608688
18565713,225.89999999999992
18574739,225.90434782608688
18584131,225.9041666666666
18593148,225.89999999999998
18602123,225.89999999999998
18611126,225.895652173913
18620081,225.89999999999992
18629032,225.89999999999998
18637918,225.89999999999998
18647267,225.89999999999998
18656130,225.89999999999998
18665317,225.895652173913
18674502,225.9041666666666
18683535,225.89999999999998
18692621,225.89999999999998
18701407,225.86521739130424
18710443,225.89999999999992
18719395,225.89999999999998
18728175,225.89999999999998
18737042,225.89999999999998
18745887,225.89999999999992
18754862,225.9125
18763764,225.9041666666666
18772845,225.9041666666666
18781845,225.9041666666666
18790758,225.89999999999998
18799761,225.89999999999992
18808565,225.9083333333333
18817333,225.9095238095238
18826288,225.94999999999996
18835274,225.93333333333325
18844256,225.93749999999997
18852940,225.98571428571427
18861749,225.95714285714283
18870541,225.925
18879257,225.940909090909
18887934,225.95499999999998
18896639,225.975
18905348,225.9913043478261
18913970,225.97999999999996
18922932,225.9913043478261
18931591,225.9571428571428
18940255,225.99565217391302
18948948,226.0
18957722,225.97826086956522
18966428,226.0
18975166,225.99130434782606
18984161,225.99565217391302
18992938,226.0
19001526,225.9909090909091
19010246,226.0
19019097,225.99545454545452
19027846,225.99565217391302
19036736,226.0
19045558,225.99523809523808
19054225,226.0
19062912,225.98260869565215
19071611,225.9913043478261
19080474,225.99565217391302
19089406,225.98636363636362
19098235,225.99090909090907
19106884,226.0
19115675,194.8095238095237
19124708,225.99565217391302
19133379,225.99565217391302
19142176,225.9913043478261
19150925,225.99545454545452
19159607,225.9909090909091
19168448,225.99565217391302
19177073,225.96086956521737
19185695,225.99565217391302
19194577,225.99565217391302
19203251,226.0
19211902,226.0
19220670,226.0
19229460,225.99545454545452
19238065,226.0
19246832,226.0
19255805,225.9913043478261
19264626,225.99545454545452
19273296,226.0
19282250,226.0
19291457,225.9909090909091
19300540,226.0
19309259,226.0
19317935,225.9913043478261
19326674,225.99565217391302
19335365,225.99565217391302
19344080,226.0
19352844,225.94545454545457
19361653,225.99545454545452
19370537,226.0
19379279,226.0
19388105,225.99565217391302
19397032,225.975
19405779,226.0
19414641,226.0
19423334,225.99565217391302
19432028,225.99565217391302
19440759,226.0
19449723,226.0
19458217,226.0
19467241,225.98636363636362
19476188,226.0
19485122,225.99545454545452
19493764,225.99565217391302
19502702,225.98260869565215
19511588,225.94999999999996
19520154,225.945
19529076,225.97272727272727
19537760,225.99565217391302
19546529,226.0
19555470,226.0
19564084,225.99545454545452
19573020,225.9904761904762
19581679,226.0
19590568,225.99545454545452
19599354,226.0
19608200,226.0
19617034,225.99565217391302
19625904,225.99523809523808
19634857,226.0
19643630,225.99565217391302
19652513,225.99565217391302
19661178,225.99090909090907
19669955,225.99545454545452
19678567,225.98695652173913
19687312,226.0
19695966,226.0
19704531,226.0
19713098,226.0
19721697,226.0
19730427,226.0
19739074,225.99565217391302
19747701,225.9909090909091
19756477,226.0
19765132,226.0
19773923,225.98636363636362
19782654,226.0
19791379,226.0
19800171,226.0
19809031,225.98260869565215
19817754,226.0
19826334,226.0
19835267,226.0
19844107,226.0
19852808,226.0
19861543,226.0
19870301,225.98636363636362
19879080,225.9826086956522
19887778,226.64090909090908
19896384,226.0
19905122,226.0
19913815,225.99565217391302
19922687,226.0
19931349,226.0
19939975,226.0
19948717,226.0
19957274,226.0
19966061,226.0
19974777,226.0
19983484,226.0
19992234,226.0
20001076,226.0
